GROUP,PACKAGE,CLASS,INSTRUCTION_MISSED,INSTRUCTION_COVERED,BRANCH_MISSED,BRANCH_COVERED,LINE_MISSED,LINE_COVERED,COMPLEXITY_MISSED,COMPLEXITY_COVERED,METHOD_MISSED,METHOD_COVERED
Siddhi Extension - redis Store Implementation,org.wso2.extension.siddhi.store.redis.utils,RedisTableUtils,88,0,6,0,18,0,7,0,4,0
Siddhi Extension - redis Store Implementation,org.wso2.extension.siddhi.store.redis.utils,RedisTableConstants,3,0,0,0,1,0,1,0,1,0
Siddhi Extension - redis Store Implementation,org.wso2.extension.siddhi.store.redis,RedisIterator,342,0,35,0,78,0,29,0,7,0
Siddhi Extension - redis Store Implementation,org.wso2.extension.siddhi.store.redis,RedisConditionVisitor,229,0,20,0,88,0,57,0,42,0
Siddhi Extension - redis Store Implementation,org.wso2.extension.siddhi.store.redis,RedisIterator.new Object() {...},40,0,0,0,1,0,1,0,1,0
Siddhi Extension - redis Store Implementation,org.wso2.extension.siddhi.store.redis,TestClass,12,0,2,0,5,0,3,0,2,0
Siddhi Extension - redis Store Implementation,org.wso2.extension.siddhi.store.redis,RedisTable,418,0,32,0,86,0,32,0,16,0
Siddhi Extension - redis Store Implementation,org.wso2.extension.siddhi.store.redis,RedisCompliedCondition,11,0,0,0,5,0,3,0,3,0
Siddhi Extension - redis Store Implementation,org.wso2.extension.siddhi.store.redis,RedisConditionVisitor.new Object() {...},47,0,0,0,1,0,1,0,1,0
Siddhi Extension - redis Store Implementation,org.wso2.extension.siddhi.store.redis.exceptions,RedisIteratorException,8,0,0,0,4,0,2,0,2,0
Siddhi Extension - redis Store Implementation,org.wso2.extension.siddhi.store.redis.exceptions,RedisTableException,9,0,0,0,4,0,2,0,2,0
